rf,xgb,lr,y
208400.0,204554.875,207908.910335,208500
173000.0,176239.09375,197313.567788,181500
217000.0,214539.015625,212106.287983,223500
142400.0,153358.0625,180232.377505,140000
265309.0,272659.0,298192.932965,250000
144300.0,150007.71875,167843.408558,143000
297900.0,299252.15625,280348.341315,307000
212200.0,209268.265625,217791.609091,200000
143720.0,130488.367188,149002.111362,129900
125290.0,121173.171875,105733.71476,118000
130100.0,129662.640625,131251.319686,129500
345878.0,356371.4375,391159.578096,345000
138600.0,137097.0,131394.593679,144000
269283.7,244647.171875,227280.797949,279500
154000.0,151375.84375,148442.793266,157000
134850.0,136969.984375,136859.422846,132000
147850.0,149189.296875,163529.661248,149000
105478.0,101660.492188,105030.448733,90000
150200.0,154727.890625,153849.827911,159000
139300.0,132878.09375,130762.006174,139000
319671.3,329385.09375,325358.106199,325300
138529.5,134205.046875,118401.614121,139400
233050.0,229440.59375,221503.873599,230000
137273.7,138862.296875,137371.628127,129900
150670.0,148049.296875,159078.386611,154000
240463.2,254214.875,253271.123125,256300
132050.0,132415.953125,134843.921611,134800
301807.7,303877.375,292352.807173,306000
188550.0,203633.890625,209439.042261,207500
84031.1,67560.9765625,59629.5877666,68500
46700.0,54201.7539062,83676.4103138,40000
146180.0,141652.953125,140239.435329,149350
203840.6,188585.421875,213368.637419,179900
161815.0,168852.0,176791.087638,165500
280913.2,286877.65625,310638.889189,277500
304621.3,303012.71875,311807.492232,309000
147545.0,144944.140625,148221.343316,145000
153000.0,152235.375,160914.123621,153000
120800.0,125924.367188,128480.241896,109000
82740.0,84250.140625,71755.8940747,82000
153450.0,149616.609375,145443.870276,160000
160000.0,167232.28125,176405.606837,170000
145200.0,141448.328125,144082.303667,144000
128845.0,129080.304688,138896.719772,130250
142400.0,140886.90625,144256.29294,141000
309356.1,299513.625,316505.846863,319900
264336.8,256810.09375,272904.141033,239686
248160.0,245878.203125,238076.629072,249700
115350.0,109878.796875,87069.3545685,113000
126100.0,129321.023438,139130.656429,127000
176309.0,173439.0,177853.840407,177000
114190.0,119485.023438,119127.38517,114500
115450.0,109974.34375,110380.131725,110000
400496.8,382586.375,375248.503863,385000
129890.0,126844.351562,107411.616713,130000
173040.0,167398.71875,171865.609066,180500
207600.0,183248.828125,203906.806094,172500
196265.0,198094.9375,191033.343549,196500
438734.1,437594.25,449227.142302,438780
124690.0,123894.015625,125792.848084,124900
161450.0,161578.09375,175118.563771,158000
101057.5,96063.65625,102409.16751,101000
207590.0,208490.453125,210856.27132,202500
139450.0,140324.46875,136179.395516,140000
226950.0,229766.671875,238005.172165,219500
304271.3,309043.15625,311307.187824,317000
237760.0,197950.59375,234312.584131,180000
215310.0,215706.125,214573.982895,226000
85390.0,81689.2734375,65318.5931459,80000
236340.0,228655.84375,231537.610447,225000
258200.0,248018.078125,297498.765696,244000
126400.0,125366.570312,112591.915968,129500
191850.0,188764.90625,190775.478389,185000
139305.0,144533.46875,138733.391526,144900
116640.0,110952.742188,101688.292056,107400
88550.0,92578.4765625,102810.849278,91000
131395.0,120947.992188,111448.555107,135750
120120.0,121658.421875,117975.280702,127000
131150.0,129352.296875,127458.504546,136500
110350.0,114621.703125,110537.4469,110000
189850.0,196331.9375,205222.404526,193500
157240.0,160983.171875,179657.364136,153500
228500.0,242466.890625,233442.287249,245000
128175.0,125938.351562,117896.094684,126500
173540.0,168392.96875,162811.539759,168500
261700.0,258198.9375,280790.030203,260000
182304.0,177890.234375,185689.070569,174000
147196.6,166387.859375,161907.932747,164500
105243.4,78074.3515625,45035.9890384,85000
122870.0,119182.179688,124439.227004,123600
99010.0,102165.6875,112310.603952,109900
118500.0,109662.5625,118380.601589,98600
144975.0,155350.46875,147833.078792,163500
145620.0,149990.9375,181228.376937,133900
204000.0,203285.28125,195035.157104,204750
183690.0,179589.546875,199944.388205,185000
217900.0,219441.15625,212209.546517,214000
102700.0,113504.375,103134.923746,94750
88300.0,80797.5078125,70744.2533671,83000
118050.0,121930.25,119920.740269,128950
200020.0,207449.390625,207362.606671,205000
177130.0,175716.375,177537.306927,178000
119935.3,118993.59375,113264.921514,118964
205828.0,199051.09375,179370.562753,198900
164780.0,164336.71875,171442.990928,169500
261800.0,252146.453125,268162.900337,250000
88400.0,96716.328125,84777.023236,100000
110950.0,103670.90625,90868.5607957,115000
124250.0,118483.414062,122351.681221,115000
196500.0,194678.859375,210424.760252,190000
147210.0,140829.6875,150303.577516,136900
175900.0,172923.25,179344.352276,180000
352284.5,370727.0625,357630.469554,383970
216000.0,216102.109375,228177.735542,217000
232500.0,246199.671875,243645.369097,259500
172599.0,170180.28125,181458.58712,176000
140950.0,134281.796875,120950.629366,139000
157020.0,146668.34375,150048.9524,155000
306060.0,322528.28125,319856.91349,320000
168853.5,169883.734375,185884.099786,163990
165265.0,173407.890625,178066.134958,180000
92148.7,97589.3203125,86619.5936608,100000
137990.0,139514.140625,138507.565377,136000
153380.0,164070.65625,147040.307307,153900
175100.0,176169.484375,179394.953376,181000
90635.0,88395.6640625,95823.5521241,84500
126700.0,134573.5625,117114.142019,128000
88700.0,89320.4453125,71112.6894424,87000
148300.0,146814.390625,136790.276396,155000
147075.0,147572.390625,157577.429565,150000
230690.0,221173.171875,214296.350883,226000
223562.4,220544.796875,213199.055148,244000
148065.0,147539.828125,150031.68733,150750
227395.6,218908.40625,229003.113409,220000
176200.0,175107.265625,168578.919957,180000
174350.0,174545.796875,188477.686728,174000
143700.0,146379.421875,133560.997208,143000
228320.0,176851.5,179802.394148,171000
240300.0,238708.125,239694.682716,230000
225200.0,211781.578125,202137.371884,231500
109850.0,109612.703125,98999.1451487,115000
254500.0,253319.34375,240783.451435,260000
133310.0,143816.796875,134971.338872,166000
215550.0,213317.921875,223947.889582,204000
127000.0,131194.328125,142228.873172,125000
156969.0,135260.015625,137389.991078,130000
107950.0,105591.960938,109043.355111,105000
223990.0,222550.21875,222189.20681,222500
147589.5,146970.171875,160972.59939,141000
112977.6,111532.15625,111102.764055,115000
126640.0,133234.796875,142975.375037,122000
353229.3,366091.53125,339691.663334,372402
185200.0,192514.5625,188373.690671,190000
193300.0,223547.9375,217147.414508,235000
127800.0,112646.828125,106736.542723,125000
75100.0,78373.25,87358.4559062,79000
104149.3,109158.929688,122040.233595,109500
265425.0,269783.25,284315.099555,269500
237840.0,242682.125,228269.573047,254900
295550.0,313590.5,282591.964504,320000
162380.0,160219.625,172582.143369,162500
373500.0,406731.5625,397722.156175,412500
223950.0,229969.765625,255442.72897,220000
106350.8,97351.484375,95939.9007837,103200
150290.0,146075.46875,155163.91715,152000
113150.0,125059.46875,100268.213084,127500
182090.0,186455.953125,203605.281154,190000
324711.8,341158.71875,349730.533485,325624
188150.0,192204.453125,195785.021069,183500
220850.0,234556.78125,228065.957861,228000
127000.0,130707.304688,111084.675639,128500
203250.0,215215.390625,219257.660493,215000
218460.0,223390.796875,234896.563787,239000
160350.0,155485.921875,163879.35804,163000
175300.0,186016.34375,188562.173076,184000
233550.0,231781.90625,207950.490882,243000
211950.0,212287.203125,214815.868305,211000
154786.4,171262.453125,178886.603713,172500
477805.1,499455.375,445433.870905,501837
95590.0,106852.242188,107912.183657,100000
175940.0,174405.140625,173942.264615,177000
184860.0,190329.453125,174872.919894,200100
119250.0,122134.789062,123313.189913,120000
223900.0,204305.984375,200255.006161,200000
124850.0,122943.695312,121113.532975,127000
471872.7,466915.53125,394555.741022,475000
176750.0,178319.03125,172701.847408,173000
135388.7,131334.71875,128765.435782,135000
159905.9,147842.015625,130026.365948,153337
261340.0,277502.375,311727.034409,286000
294460.0,313282.125,270554.896713,315000
171250.0,176265.359375,189828.038462,184000
191980.0,198241.8125,202957.966469,192000
131500.0,136349.796875,145397.036571,130000
124475.0,123999.8125,125515.997822,127000
151400.0,150178.234375,144541.214693,148500
281606.0,307380.59375,340932.030547,311872
354324.0,240499.921875,275943.579738,235000
121300.0,108584.28125,136497.772578,104000
292351.7,292452.5625,330952.010505,274900
150090.0,140050.625,127979.800807,140000
166800.0,163979.015625,167944.188803,171500
107150.0,112047.375,112161.680768,112000
149060.0,144218.0625,142513.056782,149000
112290.0,113681.367188,121347.215127,110000
183310.0,177773.46875,187203.951326,180500
136296.4,137718.84375,137489.473445,143900
138612.5,139182.265625,122981.958301,141000
277500.0,265501.75,253424.991103,277000
144670.0,149314.984375,155571.343545,145000
98400.0,92310.9296875,95644.5679384,98000
185560.0,178351.421875,165491.82835,186000
246400.4,246892.640625,243696.654915,252678
154100.0,151517.625,155806.631686,156000
158775.0,149190.890625,152760.970963,161750
142320.0,142299.0625,125325.172098,134450
208050.0,209044.53125,217511.548371,210000
103510.0,95450.7109375,83420.9101526,107000
258990.0,282930.78125,242122.167028,311500
171657.5,171865.90625,178518.634192,167240
212600.0,210489.515625,216513.657153,204900
201300.0,205346.9375,215168.109921,200000
189737.0,175983.921875,163861.068728,179900
108415.0,112470.96875,108989.246834,97000
393088.5,394675.0,417469.464014,386250
106550.0,100952.484375,91398.3908056,112000
275550.0,282529.21875,290964.948095,290000
96380.0,98078.6015625,92681.461874,106000
122500.0,124072.320312,106902.134497,125000
192299.0,191795.046875,187893.593489,192500
148450.0,137807.859375,133424.14368,148000
360691.8,394913.53125,357120.888326,403000
95000.0,94268.578125,91235.6815816,94500
125645.0,129299.117188,132552.168631,128200
213300.0,215144.953125,217094.960855,216500
88360.0,89743.96875,86195.5875776,89500
188400.0,186685.5625,189514.931854,185500
194500.0,201079.125,215713.944513,194500
281928.4,301704.6875,300280.701581,318000
118340.0,121377.328125,124573.244717,113000
261342.2,266569.8125,242463.061423,262500
108600.0,104991.390625,112608.024755,110500
88250.0,88171.390625,91280.0461794,79000
117800.0,128413.34375,112540.471609,120000
216400.0,228759.21875,229878.266221,205000
234450.0,227034.15625,219591.542153,241500
130190.0,134760.25,143219.158503,137000
147600.0,144116.96875,151089.776645,140000
187350.0,190505.53125,188843.338308,180000
261800.0,274914.53125,303114.536271,277000
88440.0,80146.78125,75869.7281654,76500
256990.2,251043.625,266529.625696,235000
180784.0,177409.609375,174804.278192,173000
157500.0,159197.953125,162493.234565,158000
147550.0,146165.828125,141541.104373,145000
233100.0,225928.65625,229349.896383,230000
204490.0,202646.578125,203621.40911,207500
226550.0,223136.515625,223299.771487,220000
225400.0,216261.859375,213056.327469,231500
94050.0,101805.953125,106309.829334,97000
165550.0,175477.890625,177179.153572,176000
294050.0,302258.3125,330459.198419,276000
143575.0,157014.765625,152661.460216,151000
128650.0,127523.992188,117869.066532,130000
82650.0,77862.3671875,69358.7574312,73000
172133.7,179992.4375,180380.634777,175500
183439.0,182078.390625,188655.395773,185000
178950.0,179094.453125,173837.350373,179500
116050.0,116235.960938,111513.333023,120500
148000.0,151730.078125,149978.156259,148000
261093.0,263967.78125,258139.75686,266000
234813.4,236633.921875,213498.20013,241500
274950.0,287993.6875,314178.523137,290000
152550.0,152513.84375,156515.420041,139000
124200.0,128024.203125,142324.304855,124500
183265.0,195667.546875,202599.669507,205000
206290.0,206253.796875,210906.778243,201000
134450.0,123033.03125,104196.571358,141000
400650.4,410232.4375,391928.810866,415298
217250.0,198978.140625,209258.783105,192000
224100.0,225710.734375,226023.41441,228500
182663.2,186012.8125,204080.331726,185000
215708.0,216114.8125,216163.348612,207500
240880.0,249679.03125,225752.528803,244600
178065.0,184993.828125,172240.848862,179200
160895.2,163163.890625,167461.27608,164700
168590.0,175177.109375,173977.719657,159000
99700.0,98212.9453125,90389.7346476,88000
122100.0,119905.109375,107665.89901,122000
142983.7,147388.90625,141351.904115,153575
241891.3,239532.96875,241469.681673,233230
137333.4,131123.953125,116325.796518,135900
136550.0,133301.015625,131558.276763,131000
239750.0,239024.671875,218907.300323,235000
166650.0,165610.015625,186862.625077,167000
140280.0,145040.875,152224.318232,142500
151950.0,142426.0,137018.299201,152000
225900.0,235188.484375,260246.09644,239000
178300.0,177323.953125,179399.175054,175000
154750.0,159863.890625,161644.17773,158500
149400.0,157602.640625,152326.150347,157000
277100.0,277500.625,257810.420308,267000
220040.0,214796.46875,211431.629206,205000
143220.0,136517.65625,139815.04414,149900
296700.0,306603.75,301857.148089,295000
333405.0,313174.28125,270343.008644,305900
229100.0,230351.765625,220642.488541,225000
98340.0,95488.65625,112412.334796,89500
92450.0,99314.4765625,100956.129628,82500
367867.6,360735.625,370309.898884,360000
173920.0,178670.5,167473.197105,165600
129140.0,132141.828125,135387.496763,132000
122797.5,124152.5625,115407.197857,119900
327050.0,361864.25,341029.921738,375000
177200.0,173004.296875,181790.033856,178000
180508.5,182245.375,188202.175909,188500
250700.0,257149.84375,266468.199564,260000
259049.9,260393.3125,247198.004593,270000
289750.0,280906.1875,334521.017245,260000
195950.0,193428.171875,191697.686721,187500
345902.6,349837.15625,343193.727068,342643
337451.3,349379.3125,336374.348238,354000
286650.0,290775.71875,276517.205244,301000
125557.5,128186.117188,121458.303347,126175
259590.0,243142.125,248080.865413,242000
89740.0,85710.8359375,93647.7814457,87000
306100.0,320118.875,277922.869019,324000
148335.0,145540.1875,145621.794756,145250
205050.0,196533.96875,163361.408777,214500
74530.0,79898.3125,92708.3912276,78000
124760.0,127064.46875,125797.823111,119000
138700.0,137049.421875,127106.42835,139000
299990.0,277470.46875,280631.591738,284000
198310.0,195775.40625,211953.827666,207000
194900.0,189514.734375,215625.136818,192000
213220.0,231034.625,266899.349788,228950
371088.2,370890.71875,354927.790572,377426
218500.0,216556.84375,212618.012227,214000
201007.8,205668.53125,208555.487309,202500
148380.0,151406.9375,146556.490871,155000
218360.0,212507.765625,214485.94104,202900
81450.0,84006.625,74713.0204803,82000
85287.1,86632.453125,71664.4002782,87500
273300.0,272195.3125,312186.151943,266000
92400.0,88239.2734375,75771.92736,85000
136890.0,136336.5625,133757.517567,140200
145200.0,142828.46875,142339.386895,151500
161250.0,167230.515625,180110.274356,157500
166390.0,173382.328125,200686.535904,154000
457610.1,441991.71875,429041.442626,437154
312854.9,309793.46875,320913.057753,318061
192900.0,195740.25,198611.845548,190000
98800.0,91494.1875,101028.097273,95000
98270.0,110919.476562,113955.651152,105900
147440.0,147289.25,147742.464828,140000
177393.2,171238.796875,167656.577169,177500
163900.0,165564.828125,164415.891304,173000
146190.0,140395.5,135464.462967,134000
132350.0,125193.398438,110185.686541,130000
274600.0,276529.4375,306539.630286,280000
152630.0,149681.4375,155604.853363,156000
142200.0,139286.78125,142479.393837,145000
205850.0,198642.6875,204573.553979,198500
106340.0,110976.4375,117972.007566,118000
184490.0,188245.265625,180537.821016,190000
141900.0,133046.578125,121542.795887,147000
163990.0,162329.9375,166205.727608,159000
161050.0,158270.46875,153171.140103,165000
132110.0,141898.859375,138989.448548,132000
154750.0,163108.5,169833.686872,162000
172460.0,174117.9375,179729.045773,172400
147116.0,132228.703125,109516.979737,134432
123340.0,124204.3125,111076.748075,125000
125750.0,125225.898438,117387.84441,123000
223400.0,210283.375,205707.319449,219500
65850.0,63399.765625,41014.6542693,61000
144690.0,141365.171875,142995.091361,148000
335400.0,320161.09375,258549.615037,340000
383102.4,396011.40625,367586.106492,394432
182800.0,177992.5,173677.44684,179000
134190.0,133144.25,157714.978522,127000
186225.0,195811.40625,209798.588835,187750
211100.0,204647.203125,207314.902707,213500
76150.0,79059.9609375,82552.1575659,76000
231052.4,247046.265625,244606.415422,240000
195750.0,188877.859375,179218.927605,192000
87440.0,81973.4921875,63383.5609031,81000
141542.4,132021.328125,138251.283601,125000
195700.0,194865.609375,192199.989349,191000
409926.1,425784.9375,405847.90495,426000
115140.0,123805.65625,123590.57624,119000
224150.0,216949.09375,233982.379579,215000
101850.0,107411.65625,101363.454373,106500
97920.0,91084.8046875,79487.6774746,100000
110200.0,107743.4375,102408.321524,109000
131100.0,135383.15625,136042.29408,129000
125600.0,127142.335938,135374.828933,123000
163915.0,157544.046875,145139.349962,169500
87110.0,67853.4140625,62771.8171511,67000
228290.0,221741.34375,210313.288106,241000
232600.0,243221.890625,238993.578182,245500
172605.0,180962.203125,203322.765988,164990
107850.0,110089.484375,105600.455609,108000
274750.0,254415.09375,274409.740653,258000
171440.0,171523.5625,167941.225539,168000
154750.0,152104.765625,153572.083171,150000
121300.0,122766.820312,111417.814281,115000
166200.0,170836.921875,168099.983069,177000
271733.7,284458.625,299098.001934,280000
313922.4,326346.4375,324285.137109,339750
88600.0,73424.3203125,86748.2884693,60000
142020.0,143835.6875,127231.223545,145000
219690.0,231562.21875,285938.598585,222000
118340.0,110690.054688,101342.43965,115000
228000.0,237527.9375,241322.273331,228000
179107.2,186486.359375,203588.751059,181134
145540.0,153787.25,161235.172745,149500
229900.0,236417.25,248571.952597,239000
116300.0,111420.15625,107438.034803,126000
135020.0,137933.59375,138317.986089,142000
203700.1,204032.953125,201333.190336,206300
216640.0,216449.09375,207002.809633,215000
116800.0,113871.734375,106848.217856,113000
324100.0,323012.09375,318693.302247,315000
140300.0,141732.265625,135112.352049,139000
141685.0,137027.90625,145680.429992,135000
261650.0,260670.03125,245049.598588,275000
113754.8,115352.664062,101971.736416,109008
192873.4,196211.734375,202321.374397,195400
176887.9,173340.234375,191704.082034,175000
86720.0,90991.59375,84106.2824262,85400
89760.0,89546.09375,90043.1238076,79900
135150.0,124450.820312,116481.363386,122500
177980.0,175587.359375,174357.788706,181000
81800.0,84090.1875,72916.6321773,81000
197840.0,209001.046875,217493.690659,212000
111760.0,107797.328125,123660.977522,116000
115150.0,114042.46875,115886.716547,119000
94645.0,94688.078125,113725.770383,90350
113350.0,124774.375,137397.644024,110000
483862.4,555259.3125,451208.778724,555000
125040.0,116433.492188,94568.8653136,118000
160610.0,153004.171875,158344.681979,162900
172500.0,184143.75,210549.929266,172500
220357.8,214739.984375,216184.754449,210000
126990.0,141265.125,160256.131368,127500
192250.0,196558.578125,197862.591895,190000
209327.9,205153.328125,202412.657416,199900
119300.0,122567.335938,125055.436347,119500
118250.0,115999.570312,109409.328565,120000
108850.0,108035.320312,112590.35875,110000
267900.0,267735.65625,283338.896716,280000
203600.0,198069.125,215051.648585,204000
209312.8,215067.65625,202221.484915,210000
174300.0,171327.375,161015.021408,188000
174440.0,165683.578125,171313.572672,175500
97275.0,94732.921875,100222.519936,98000
227000.0,247980.46875,217114.291459,256000
162850.0,159427.796875,161429.341803,161000
111290.0,111630.78125,104855.542377,110000
262254.5,259874.390625,241211.895022,263435
152560.0,152154.734375,153904.575396,155000
98153.2,99928.359375,111370.383229,62383
180620.0,185918.546875,175632.047133,188700
123400.0,121564.578125,122362.84995,124000
184720.0,175204.71875,165597.114602,178740
174200.0,167802.265625,196451.97612,167000
144300.0,151999.84375,148414.85145,146500
252766.3,246644.78125,246353.67402,250000
187950.0,184967.546875,175183.62542,187000
208750.0,216234.484375,229877.654339,212000
198000.0,190674.984375,188639.190062,190000
142790.0,144685.984375,132849.84515,148000
416640.2,427226.96875,353768.152525,440000
253550.0,260025.484375,275954.744836,251000
133150.0,136705.765625,146897.182321,132500
204150.0,208881.328125,227414.101797,208900
386568.5,382115.71875,372372.19951,380000
295800.0,310505.53125,296917.943824,297000
98982.6,103672.757812,119917.556783,89471
337177.8,336378.96875,344687.643791,326000
377333.4,367007.84375,368561.785485,374000
168660.0,162584.890625,184242.817647,155000
159883.7,160220.90625,165081.838432,164000
133800.0,135560.75,130149.555802,132500
141845.0,149287.21875,135615.013418,147000
150490.0,146833.953125,144028.173219,156000
172435.8,177686.65625,186851.893387,175000
160000.0,145969.9375,153321.2112,160000
83750.0,93440.5859375,84943.6151039,86000
109500.0,115291.875,106515.208031,115000
139843.4,142788.0625,149765.422969,133000
170095.2,170818.328125,180323.20784,172785
148850.0,149194.875,153117.914053,155000
93350.0,94818.3515625,89892.0011257,91300
39920.0,39566.3203125,59250.2822391,34900
383000.0,414448.1875,382479.409875,430000
194145.0,177309.03125,176386.427753,184000
128850.0,129664.820312,126088.973475,130000
120100.0,124885.6875,117720.150056,120000
107400.0,111708.015625,110028.577851,113000
224947.5,219955.140625,211750.345998,226700
143375.0,142391.46875,141560.768986,140000
285075.0,284901.875,274978.156579,289000
141090.0,140166.515625,134288.737104,147000
126446.4,123663.929688,137020.787941,124500
218955.6,216888.140625,216525.12112,215000
192660.0,198015.71875,193418.497368,208300
149770.0,153088.328125,164075.993296,161000
134500.0,136619.9375,132726.519793,124500
151660.0,160788.4375,161616.269615,164900
200882.5,192828.609375,207396.761816,202665
130726.0,124391.726562,106686.911419,129900
142700.0,140970.078125,129616.286898,134000
97250.0,96105.40625,104137.776801,96500
394986.6,401483.5,393213.354888,402861
169950.0,165383.390625,180147.395704,158000
276850.0,271484.90625,290925.862653,265000
209750.0,200806.875,210594.587603,211000
231309.0,238474.515625,232606.961682,234000
105900.0,103397.320312,82923.4739271,106250
150350.0,150219.90625,145987.826532,150000
155940.0,153971.03125,171343.339793,159000
413616.2,227556.75,424924.877846,184750
311700.0,306690.125,307602.720045,315750
180564.0,183051.6875,190567.898024,176000
132000.0,134141.046875,124059.11214,132000
448703.8,445181.3125,422202.225497,446261
84450.0,87459.390625,85213.5738111,86000
204461.8,206057.421875,245009.605339,200624
179850.0,184999.40625,180834.157214,175000
130782.5,129898.492188,141178.318359,128000
107950.0,109062.25,103139.808867,107500
46761.1,41470.6757812,31350.9939243,39300
183654.0,182261.796875,209494.078307,178000
104540.0,121744.539062,134165.32553,107500
205008.0,192801.59375,204824.492604,188000
110325.0,118568.054688,115346.782982,111250
152095.0,145469.984375,141691.081022,158000
285240.0,264811.25,243078.865369,272000
317796.1,331087.96875,352561.386296,315000
251150.0,250155.625,272952.391068,248000
215925.0,215820.65625,211860.26854,213250
148500.0,143380.15625,129637.879876,133000
178512.5,189873.625,214409.611283,179665
228600.0,238364.53125,230967.82671,229000
198300.0,192394.734375,181747.773049,210000
125740.0,129306.367188,122566.800081,129500
125150.0,125699.023438,113255.672726,125000
267700.0,246967.6875,227499.584446,263000
137650.0,136495.515625,128366.630587,140000
116030.0,115142.375,120029.729416,112500
254450.0,260287.203125,280781.911843,255500
104500.0,109066.5625,103090.203215,108000
273400.0,273824.0,271294.80876,284000
112396.0,113026.351562,104600.25878,113000
143450.0,146098.515625,143190.099653,141000
120100.0,108168.648438,112346.753844,108000
175400.0,183681.640625,209029.344601,175000
216250.0,204346.25,197352.82746,234000
132450.0,142694.671875,159095.962575,121500
167800.0,163219.875,168003.986978,170000
112070.0,117491.359375,115127.721642,108000
192650.0,182775.484375,170639.383764,185000
261400.0,260854.15625,282782.46052,268000
131338.7,127334.90625,113277.843217,128000
317200.0,328812.71875,334187.649054,325000
214300.0,203722.34375,218670.187131,214000
314550.4,310696.21875,284403.205568,316600
137962.0,137974.234375,146681.358185,135960
144320.0,138281.765625,135473.440997,142600
121300.0,122408.546875,118174.537285,120000
223028.0,220084.15625,229151.764723,224500
170499.0,169324.796875,169659.088667,170000
125950.0,126982.359375,119328.881994,139000
119900.0,116126.40625,112866.661384,118500
149390.0,149107.765625,149662.1336,145000
154500.0,158116.125,151051.882471,164500
148480.0,153542.53125,159540.048268,146000
133180.0,129460.789062,144029.408961,131500
170635.0,184292.703125,184348.276764,181900
300139.7,279055.3125,353891.641827,253293
118100.0,123733.929688,108489.887668,118500
311613.2,316193.5625,284851.373779,325000
138050.0,134613.796875,137963.509229,133000
374030.0,372890.875,335630.244576,369900
124250.0,126274.6875,122231.578176,130000
135200.0,135246.65625,127730.759884,137000
156875.0,170692.921875,250659.583871,143000
90290.0,93952.234375,85016.5417753,79500
184940.0,188749.796875,188931.382775,185900
434691.3,449355.5625,417221.779487,451950
137450.0,139010.25,144562.110409,138000
141550.0,142827.0625,140954.728215,140000
110350.0,116703.898438,112584.457965,110000
312927.2,325479.34375,334076.777691,319000
112051.2,113080.8125,120798.745875,114504
190918.7,187757.140625,215080.437878,194201
213000.0,209981.734375,217398.265445,217500
149900.0,148742.875,147043.232053,151000
268759.0,260447.515625,292348.810069,275000
138250.0,133505.6875,127644.6935,141000
222200.0,217816.28125,230235.984147,220000
150640.0,153875.28125,148113.370952,151000
228350.0,222566.765625,214280.354253,221000
209720.0,206997.125,208760.694837,205000
149475.0,152215.53125,151087.341805,152000
210640.5,201795.046875,212956.082554,225000
327340.0,351959.125,306005.461926,359100
122650.0,120763.875,112956.466905,118500
315790.0,314798.40625,316251.472746,313000
147600.0,152174.34375,142329.366482,148000
258750.0,259017.59375,259471.536621,261500
128740.0,135197.75,130505.159975,147000
80150.0,80182.53125,68774.3076412,75500
139500.0,138847.40625,149829.021235,137500
179179.0,182381.578125,186165.771805,183200
118155.0,111594.664062,104478.526649,105500
282412.6,312791.71875,345262.018625,314813
306900.0,307983.875,293391.527479,305000
66900.0,64564.6914062,53110.2203105,67000
226200.0,243125.0625,242673.891832,240000
134950.0,133848.734375,134946.791476,135000
170340.0,174385.390625,176037.499454,168500
167160.0,163180.546875,167979.677084,165150
155620.0,149647.65625,150358.447592,160000
139190.0,133109.515625,116812.402514,139900
158350.0,158621.65625,163505.903524,153000
146500.0,156578.90625,187989.041782,135000
165700.0,165059.9375,206893.787845,168500
124200.0,120720.609375,124955.328673,124000
206550.0,218506.828125,222563.6469,209500
129853.4,132330.015625,176900.141059,82500
136680.0,139626.84375,135743.572072,139400
144700.0,144209.65625,135624.206034,144000
197697.0,199525.203125,188668.404098,200000
62750.0,53822.9375,47114.9687626,60000
101950.0,104046.875,87002.7477769,93000
86850.0,91258.4453125,80114.7453766,85000
276128.8,272695.9375,270459.973542,264561
269489.3,278480.28125,323719.269322,274000
228018.6,234118.359375,234245.225339,226000
324410.0,350188.75,337809.218011,345000
160790.0,151129.1875,138057.069354,152000
349904.6,367837.6875,353456.716054,370878
140700.0,137844.484375,131081.311852,143250
102480.0,101585.171875,96881.650396,98300
148360.0,149332.203125,151320.074934,155000
154020.0,159769.9375,153411.600131,155000
84350.0,80454.390625,64444.4902124,84500
203950.0,204142.703125,201540.382595,205950
113920.0,113437.9375,102112.469009,108000
190900.0,191690.71875,193317.193459,191000
131850.4,133510.40625,137587.594923,135000
351477.2,350916.5625,351206.455353,350000
87740.0,87472.7734375,92578.3981403,88000
139700.0,145496.3125,134309.844057,145500
159314.0,164685.9375,162635.812869,149000
106500.0,111959.59375,123807.768913,97500
168800.0,162213.734375,172475.030299,167000
197820.0,200649.765625,198570.682887,197900
360100.0,397274.09375,356135.127665,402000
109900.0,118551.867188,136303.276953,110000
141295.0,136066.84375,127227.944599,137500
386200.0,417119.09375,370275.632652,423000
237500.0,232815.875,211291.184335,230500
170887.0,147963.390625,180716.936147,129000
195250.0,203983.640625,208209.941484,193500
166870.0,167506.1875,155781.460096,168000
120350.0,125999.359375,119915.804468,137500
174420.0,173694.5625,179950.642896,173500
109900.0,108266.75,115410.026249,103600
165590.0,167647.875,167639.141432,165000
249750.0,255721.984375,248272.710192,257500
145640.0,148028.359375,149358.389474,140000
147500.0,148196.34375,145509.215023,148500
106700.0,88780.2421875,90970.6580531,87000
110875.0,107334.46875,113096.226503,109500
365562.4,366895.1875,336741.47702,372500
131575.0,130416.875,125354.177365,128500
135650.0,127963.84375,114566.073029,143000
150660.4,131999.3125,115317.862477,159434
171000.0,173214.96875,176165.186432,173000
289290.0,282040.59375,260662.379925,285000
225950.0,214035.875,234849.469359,221000
223625.0,210660.03125,240892.027954,207500
220375.3,226260.875,230959.334768,227875
156730.0,153894.328125,152520.839218,148800
350187.8,337651.625,277991.106201,392000
187488.7,183412.71875,195389.969031,194700
143320.0,145186.3125,155905.235768,141000
678616.2,736533.0,610131.928173,755000
309550.0,318176.71875,293865.203832,335000
112234.0,104723.921875,98453.7647076,108480
143590.0,135649.5,140729.259151,141500
175900.0,168464.640625,172451.095942,176000
93680.0,96517.0234375,91153.2527617,89000
122100.0,124082.15625,148885.358224,123500
135500.0,137249.890625,141236.429574,138500
205901.0,191485.625,187726.361876,196000
296140.0,312701.5625,309825.293576,312500
149400.0,148473.734375,144829.469952,140000
320680.7,358510.4375,387530.338818,361919
140240.0,142633.546875,126342.601033,140000
208250.0,207467.515625,212236.610893,213000
56300.0,56802.9648438,48682.599924,55000
282100.0,301011.28125,296677.380459,302000
246742.2,239317.421875,218395.619421,254000
179082.0,175975.15625,202218.791352,179540
109770.0,114313.132812,105648.900324,109900
66150.0,66564.3046875,66237.8996814,52000
100202.8,97962.8671875,97221.6515583,102776
184950.0,193963.734375,217359.856998,189000
124710.0,122082.414062,105521.465509,129000
139650.0,160328.296875,182542.075541,130500
156500.0,152147.265625,148358.950183,165000
189650.0,170553.375,197072.022322,159500
157700.0,159114.15625,152460.698573,157000
331872.0,332857.59375,338483.786523,341000
128600.0,132841.75,141831.783563,128500
277400.0,273414.03125,275942.467524,275000
144060.0,144742.609375,137132.824303,143000
123250.0,121448.671875,114742.006995,124500
133050.0,131486.75,130590.614358,135000
324393.9,317953.625,323309.962009,320000
118500.0,117605.695312,108334.80056,120500
223600.0,226179.265625,245645.410096,222000
194380.0,193221.875,200993.982118,194500
114090.5,119120.5,147026.475938,110000
104980.0,99915.171875,93693.3802856,103000
244000.0,249406.15625,248231.51544,236500
181300.0,186186.375,209327.369074,187500
225100.0,230460.125,226151.812526,222500
131610.0,137278.1875,131597.242056,131400
107590.0,112808.304688,108330.835432,108000
163500.0,164172.359375,178150.305694,163000
90200.0,87649.21875,68442.7682025,93500
235300.0,236563.25,228250.969657,239900
160850.0,162894.921875,156236.187394,179000
196000.0,198906.75,194533.534018,190000
128900.0,129139.84375,119924.028494,132000
141700.0,137016.078125,141034.763015,142000
194423.4,177294.328125,171967.971795,179000
175490.0,167784.625,147324.793916,175000
191250.0,195865.640625,221074.346103,180000
305118.0,299482.03125,311278.546913,299800
242400.0,237982.265625,234000.821146,236000
260189.5,262210.09375,225874.457243,265979
254180.0,247209.828125,267860.700419,260400
106300.0,94115.9296875,88872.9179973,98000
91850.0,94694.0390625,78622.5498494,96500
171804.0,164884.328125,155403.273709,162000
206400.0,205720.78125,217388.637368,217000
266350.0,273691.875,291067.316975,275500
153790.0,150493.625,155039.656628,156000
173300.0,168555.96875,172453.049679,172500
222123.0,219175.765625,216283.196645,212000
153030.0,155028.125,167473.569634,158900
172440.0,169587.0625,168393.224669,179400
301630.0,297612.84375,306472.379898,290000
129400.0,126084.8125,126075.756489,127500
112410.0,109718.515625,110286.460071,100000
208610.0,208035.28125,208851.616773,215200
330850.0,334448.84375,328253.219572,337000
259350.0,265050.90625,251895.923677,270000
274952.8,271063.03125,268692.833796,264132
194750.0,189976.203125,187545.606485,196500
170650.0,166059.84375,167874.707447,160000
216902.2,212747.53125,221692.186012,216837
457762.4,536956.375,472011.826199,538000
136170.0,133607.078125,137551.729825,134900
111350.0,110012.578125,120859.310243,102000
136133.7,124610.3125,133329.077567,107000
117990.0,119775.398438,102090.258761,114500
363800.0,364270.71875,294847.692515,395000
158180.0,161384.84375,167668.011036,162000
236450.0,224025.28125,232508.21186,221500
142300.0,143015.59375,133234.986735,142500
143985.3,139136.84375,149032.312947,144000
142550.0,143929.28125,147820.800457,135000
166839.0,171186.046875,164317.876574,176000
187120.0,173405.09375,173311.155846,175900
194825.0,193449.515625,187154.665244,187100
162950.0,161220.046875,151578.626747,165500
130840.0,132014.109375,137271.226714,128000
159450.0,162552.21875,169931.239088,161500
150280.0,133599.40625,126772.594896,139000
234300.0,231261.046875,226540.62502,233000
105330.0,110190.40625,99944.4683236,107900
202900.0,201671.015625,224557.546849,187500
161143.5,164757.640625,153594.757337,160200
146495.0,148931.75,137104.823449,146800
255895.0,251141.125,281447.118429,269790
235050.0,230254.65625,232905.109539,225000
201430.0,197193.859375,197697.798219,194500
172350.0,167087.0625,170544.004787,171000
138483.7,144420.765625,149276.739375,143500
115040.0,109679.15625,91445.9915363,110000
479304.5,493269.84375,434816.739364,485000
170200.0,162530.78125,159331.766255,175000
195325.0,199774.03125,205900.019439,200000
109680.0,118838.390625,124036.114082,109900
181615.0,180096.171875,198109.290764,189000
518137.8,570693.75,435691.141613,582933
120900.0,119219.203125,106346.047246,118000
222021.9,220793.90625,234264.536876,227680
136335.0,129382.859375,116366.059604,135500
209045.0,218273.671875,200869.362696,223500
154170.0,152550.078125,146772.490788,159950
108000.0,109377.414062,142887.689468,106000
175000.0,180016.0,198353.116687,181000
144290.0,145138.390625,163090.93442,144500
79945.8,68374.5625,104443.356297,55993
151730.0,151559.671875,153905.640158,157900
118300.0,117670.296875,110951.507022,116000
222080.0,213687.65625,207856.388963,224900
136300.0,136525.125,132879.912944,137000
273257.7,278132.0625,245932.633057,271000
148045.0,149544.515625,148157.322703,155000
221866.5,221848.703125,229695.614415,224000
186750.0,190850.625,190784.673757,183000
92150.0,90151.7109375,83892.3975632,93000
197140.0,206015.203125,214633.295254,225000
136450.0,143314.171875,154042.886746,139500
235642.8,236635.28125,227037.078579,232600
386000.0,385548.71875,290824.982687,385000
109180.0,103589.679688,100363.614082,109500
189600.0,192748.0625,194928.870334,189000
185600.0,185034.09375,215742.360706,185000
149165.2,153354.734375,147353.907783,147400
164750.0,161997.96875,175403.068993,166000
147576.0,149998.09375,144023.953029,151000
233000.0,229871.4375,230970.430631,237000
174400.0,160938.859375,165061.200335,167000
143360.0,141812.828125,135769.897529,139950
123350.0,132860.90625,127192.914383,128000
146650.0,149251.9375,148771.844539,153500
94840.0,95946.515625,91825.8289038,100000
147350.0,142609.828125,143625.536662,144000
127290.0,127093.328125,118199.417917,130500
140100.0,138003.15625,144600.333768,140000
149490.0,151932.296875,148881.249936,157500
152905.0,163557.375,162561.401608,174900
131650.0,130597.601562,130484.558786,141000
158350.0,146518.4375,144833.804927,153900
182200.0,177273.265625,190659.05698,171000
211000.0,200011.53125,201980.515628,213000
131500.0,131837.484375,137423.775267,133500
221400.0,235857.171875,223036.686774,240000
180450.0,183569.03125,179355.254099,187000
137470.0,141817.171875,136948.816157,131500
209450.0,207308.4375,201894.597577,215000
162500.0,163570.515625,181435.634645,164000
158400.0,168649.484375,175618.717345,158000
178620.0,163402.078125,184520.35775,170000
128950.0,136984.203125,143857.575993,127000
144390.0,147460.3125,160418.059544,147000
173900.0,164825.953125,158547.92447,174000
151070.1,147596.75,155115.411545,152000
239400.0,247093.796875,242550.135803,250000
168160.0,180914.09375,172962.689701,189950
133850.0,127716.679688,122483.353594,131500
150780.0,145438.296875,145762.039344,152000
133100.0,138962.015625,145472.345117,132500
238467.4,225361.609375,229034.858257,250580
142850.0,139267.5625,136987.177016,148500
253230.0,255005.671875,242098.267563,248900
130695.0,132232.28125,121008.016915,129000
175514.0,168677.0,179340.242287,169000
237140.0,233751.21875,223843.572529,236000
110840.0,104805.460938,91573.79945,109500
200450.0,188654.25,182381.284596,200500
120535.0,121000.875,119753.323101,116000
130390.0,134283.984375,122922.207264,133000
91340.0,80932.390625,84598.2951955,66500
300486.2,304376.09375,322177.796821,303477
132755.0,134560.5625,144782.134942,132250
343006.8,341723.75,348971.698455,350000
148250.0,149801.0625,141996.345958,148000
135000.0,134243.5,146777.765013,136500
153450.0,153044.71875,168099.65398,157000
191550.0,198493.828125,213366.84783,187500
181140.0,172696.53125,169913.505843,178000
122800.0,119082.085938,127014.00326,118500
108650.0,116901.789062,99163.6575209,100000
329617.8,312559.46875,266573.462765,328900
164800.0,150261.046875,149854.872594,145000
137250.0,136636.734375,143972.486014,135500
268750.0,273691.59375,278060.45445,268000
159380.0,153559.875,163846.833179,149500
126680.0,121615.546875,115394.737499,122900
159646.4,168157.78125,171699.091216,172500
145867.5,144276.890625,156704.170742,154500
153190.0,158195.515625,151893.994032,165000
124245.9,119894.03125,111999.671272,118858
148315.0,156796.609375,168152.764157,140000
104960.0,99509.1171875,94549.4865122,106500
150561.8,136139.46875,153359.947999,142953
523177.0,596400.1875,456934.375998,611657
134075.0,137714.265625,130782.018446,135000
111150.0,114514.835938,104668.451564,110000
146440.0,144955.28125,159333.366469,153000
184140.0,179370.828125,182919.541901,180000
239331.5,238138.984375,232263.990302,240000
126450.0,124756.96875,117416.244649,125500
129940.0,128388.664062,114286.028144,128000
256600.0,255935.328125,242689.234698,255000
238300.0,252383.140625,235985.255365,250000
133650.0,131446.359375,130884.925916,131000
174268.5,177368.296875,177665.370174,174000
149700.5,151424.6875,169546.778484,154300
151550.0,147605.796875,154941.652691,143500
86750.0,97030.9765625,101920.251343,88000
140450.0,146247.828125,185596.971319,145000
166213.1,169020.859375,168967.24937,173733
76950.0,80272.8359375,72885.2494349,75000
49517.7,39983.4882812,33665.81928,35311
137267.5,137536.890625,127473.123676,135000
250090.0,245500.34375,254915.90128,238000
163200.0,179650.65625,197550.874783,176500
198000.0,195234.609375,189000.389324,201000
156530.0,154573.6875,152737.682935,145900
167843.0,172753.46875,182091.593047,169990
181415.0,190972.109375,173962.446131,193000
192130.0,200042.4375,201597.723234,207500
173000.0,162594.6875,174118.33914,175000
284300.0,294703.34375,305769.460024,285000
176900.0,186492.5,182272.363882,176000
237850.0,242587.578125,252024.433895,236500
233387.9,225128.6875,214938.641129,222000
212280.0,218831.078125,217203.947098,201000
120540.0,123720.78125,122551.521483,117500
337110.2,313781.1875,316518.072825,320000
199697.0,200234.1875,197395.877493,190000
251300.0,244772.171875,234223.770267,242000
81440.0,84514.59375,95263.5107117,79900
184330.0,188238.671875,185695.077163,184900
251100.0,240945.296875,237747.224522,253000
235729.3,242473.3125,241839.343145,239799
253270.0,243422.625,227819.593819,244400
168922.4,164390.140625,180835.627897,150900
217450.0,219872.84375,215526.533532,214000
161702.4,145830.15625,141038.703051,150000
160605.8,138911.34375,132267.344759,143000
139925.0,147341.171875,175947.541565,137500
127200.0,134107.59375,154251.895293,124900
138050.0,145772.796875,132694.307624,143000
282219.4,273801.03125,252947.588949,270000
205007.8,202554.671875,205570.402734,192500
178300.0,180278.828125,175817.604865,197500
134500.0,133731.671875,133539.791889,129000
119810.0,120594.734375,121030.502725,119900
129420.0,131378.90625,129032.703531,133900
171600.0,169163.71875,162147.629557,172000
126850.0,125674.382812,137807.568913,127500
149350.0,154785.4375,184604.550039,145000
128500.0,128246.515625,123501.864294,124000
131275.0,130557.476562,129220.174243,132000
189600.0,190582.015625,197585.597848,185000
155500.0,163073.21875,169719.12053,155000
113900.0,119376.75,150476.762027,116500
240000.0,267163.4375,262689.181857,272000
159200.0,158095.234375,155291.941371,155000
263606.1,242718.484375,284835.182784,239000
216570.0,218121.21875,215601.292473,214900
177409.0,173302.21875,178506.749363,178900
144240.0,156117.796875,152471.210948,160000
133745.0,138930.625,132707.667754,135000
58550.0,46848.4257812,60755.5497174,37900
130300.0,131622.15625,127027.951834,140000
113740.0,94260.2734375,78309.5217011,135000
172340.0,172220.609375,197888.816505,173000
107865.2,118633.492188,106931.292876,99500
183690.0,199608.1875,205744.707124,182000
177350.0,175073.015625,182715.202313,167500
163190.0,164352.59375,175190.716073,165000
86200.0,85844.671875,82625.8486711,85500
201020.0,200656.125,196184.307432,199900
112250.0,111043.539062,88355.6334922,110000
140450.0,139455.53125,134051.057913,139000
170470.0,179403.5,212359.105548,178400
307291.8,327341.71875,333373.692329,336000
165937.7,168639.0,184752.016893,159895
270600.0,256132.328125,244755.048213,255900
123155.3,126169.273438,128216.226971,126000
126120.0,127377.585938,103974.440816,125000
116995.0,122742.84375,134218.668267,117000
390579.4,400946.5,391062.17755,395192
187440.0,192738.640625,188418.922221,195000
191850.0,194010.15625,203110.896164,197000
343700.0,330675.4375,311740.160687,348000
185650.0,177544.453125,167789.194712,168000
185090.0,193614.625,223614.304127,187000
174578.0,173432.328125,178246.584869,173900
318287.8,337477.03125,374995.703679,337500
119110.0,116041.46875,112857.688999,121600
134150.0,136001.6875,135434.388677,136500
174085.3,171185.84375,171497.034104,185000
90475.0,89434.21875,74655.2259434,91000
197290.0,193745.578125,196664.083765,206000
78400.0,76729.546875,59480.0590798,82000
91200.0,87850.953125,99931.0044627,86000
241410.0,237873.125,220246.464106,232000
137143.0,137283.890625,136899.432304,136905
182349.0,188252.515625,183243.862079,181000
140435.0,142022.78125,142002.187674,149900
172570.0,169429.453125,170315.643476,163500
85700.0,85979.1328125,74165.9100336,88000
234600.0,233062.796875,244209.162839,240000
109046.4,110233.875,101853.598727,102000
134750.0,128537.171875,121662.07551,135000
113550.0,109925.039062,108859.205497,100000
157360.0,166569.90625,162833.212894,165000
86566.1,90957.1171875,82796.9446349,85000
122340.0,121139.414062,113721.815401,119200
217100.0,222676.21875,208991.704091,227000
227720.0,216679.421875,229028.257952,203000
202850.0,191854.640625,223018.146203,187500
168750.0,168370.578125,162941.187111,160000
197029.0,201806.609375,202127.000934,213490
170750.0,160058.546875,152793.270025,176000
190810.0,193647.640625,210922.256392,194000
92950.0,101391.570312,106362.227594,87000
190549.0,189893.140625,178338.921051,191000
331765.7,280798.78125,294591.273833,287000
118570.0,121195.460938,123068.615416,112500
158900.0,152491.421875,146413.581121,167500
302411.6,302645.71875,287215.364406,293077
113300.0,118879.546875,113129.961143,105000
116250.0,116799.046875,117985.81451,118000
154000.0,148606.953125,140098.356747,160000
220730.0,207020.390625,230998.04533,197000
303600.0,309861.8125,312917.816289,310000
231117.0,232346.609375,231699.123472,230000
114750.0,120163.148438,124510.271101,119750
87950.0,83790.5078125,79625.0478771,84000
311037.8,317211.40625,321837.626123,315500
301650.0,273601.90625,247918.603584,287000
96100.0,101548.5625,94916.7658635,97000
79050.0,79400.6484375,61491.7333916,80000
156450.0,155530.640625,159805.916923,155000
171440.0,170269.25,166003.828381,173000
181993.7,190190.8125,204240.896095,196000
271565.0,255809.46875,245986.869308,262280
289000.0,285386.40625,325330.992042,278000
150934.0,140309.140625,142630.114634,139600
524456.7,551554.5,412221.681658,556581
143390.0,141274.484375,147777.756674,145000
126956.4,124888.679688,131319.590992,115000
99675.0,94841.25,94472.0546507,84900
178902.8,181673.453125,195951.588693,176485
191622.8,189782.3125,200340.830517,200141
172030.0,168010.515625,172194.80818,165000
163960.0,145818.734375,144840.703067,144500
257978.0,260767.546875,245816.158127,255000
175799.0,169252.671875,171522.54878,180000
197530.0,197763.828125,217843.481345,185850
234500.0,239292.96875,261638.591515,248000
333375.0,339984.375,366895.114339,335000
212240.0,213310.03125,220509.424356,220000
202750.0,209493.84375,230332.159715,213500
104365.0,83024.40625,94178.0864455,81000
114512.4,98231.1875,120384.30511,90000
113070.0,120069.03125,124002.049706,110500
150050.0,154302.578125,156986.136243,154000
314600.0,306043.15625,291771.182082,328000
177150.0,174349.84375,178013.947639,178000
172230.0,172523.578125,201580.05741,167900
152120.0,156015.796875,192041.774161,151400
132400.0,130110.546875,118844.424113,135000
134850.0,135558.84375,125453.905018,135000
156400.0,158108.84375,149010.711749,154000
90850.0,95506.875,101655.39061,91500
162615.0,157993.359375,141338.904818,159500
195890.0,193819.59375,192719.447542,194000
206830.0,209352.765625,191562.656997,219500
175190.0,162655.15625,157970.603374,170000
138140.0,136822.71875,130804.003444,138800
146740.0,144100.796875,140570.732882,155900
133175.0,133252.671875,130092.380226,126000
157200.0,158995.859375,168184.437239,145000
132800.0,129782.140625,115011.972345,133000
192475.0,193371.1875,187427.404318,192000
149950.0,152728.46875,158792.300996,160000
183960.0,182313.6875,175999.008499,187500
141640.0,151036.578125,159653.360727,147000
88050.0,88866.984375,80639.6325458,83500
255200.0,259283.15625,250498.207442,252000
134500.0,136301.015625,145739.604736,137500
233700.0,201303.5625,197821.940686,197000
88080.0,91221.796875,83887.4799274,92900
162433.3,159147.546875,162498.212192,160000
147150.0,148192.75,156147.459571,136500
146765.0,148737.390625,166094.683848,146000
130340.0,129941.109375,131882.999748,129000
175288.8,176638.140625,173115.187397,176432
119450.0,120034.085938,125955.173336,127000
183985.6,168617.25,177502.589686,170000
118510.0,116286.992188,117352.553582,128000
170400.0,163855.25,167215.921249,157000
76100.0,60159.8945312,33869.8664751,60000
122100.0,120110.0,110110.868343,119500
137600.0,135126.484375,132352.162631,135000
154950.0,151361.28125,170071.744689,159500
116173.3,112171.421875,107184.728361,106000
310400.0,320476.625,348403.539696,325000
171990.0,190951.03125,189778.086821,179900
254512.5,265510.15625,260182.652525,274725
180400.0,171982.4375,171137.39492,181000
299284.1,290245.78125,304652.509402,280000
187190.0,182598.8125,186347.923249,188000
207500.0,195852.859375,199970.834417,205000
131020.0,125202.195312,121667.693652,129900
131750.0,133874.203125,134539.680205,134500
119750.0,121175.828125,116740.751811,117000
307400.0,317871.125,332673.916844,318000
188490.0,187879.109375,197098.996292,184100
135825.0,135255.6875,128427.701401,130000
141200.0,135510.0625,124698.275746,140000
128795.0,127267.46875,127458.145165,133700
116020.0,115739.703125,117858.104728,118400
212110.0,216139.671875,227250.207311,212900
106350.0,99898.640625,77386.0614267,112000
116140.0,109608.578125,107344.559749,118000
168190.0,168440.546875,165289.667497,163900
115860.0,114521.5,105531.400024,115000
185490.0,185482.9375,189921.067864,174000
257250.0,247979.765625,232886.0067,259000
210406.5,219699.9375,214064.905971,215000
138426.0,133402.015625,138985.159155,140000
137400.0,144366.6875,147626.583994,135000
99110.0,104615.164062,112914.774716,93500
121000.0,121046.21875,139947.913995,117500
239150.0,241288.921875,228230.968507,239500
172140.0,170946.078125,177569.887421,169000
107180.0,104041.976562,108756.555057,102000
121850.0,121168.539062,118059.222071,119000
89630.0,92067.046875,88764.7012734,94000
195900.0,201448.203125,221850.737228,196000
142300.0,133765.75,123138.078362,144000
131240.0,128153.078125,136349.449995,139000
173450.0,186828.953125,183664.257881,197500
420764.7,421658.59375,370434.194181,424870
99690.0,91971.09375,98445.7592214,80000
87950.0,82003.546875,63071.8329918,80000
136000.0,136877.328125,137100.40794,149000
175650.0,176470.84375,180899.674832,180000
166050.0,184282.4375,172556.29092,174500
119810.0,120321.890625,124388.197743,116900
145400.0,144298.515625,155789.149093,143000
121375.0,121223.398438,124034.300359,124000
153590.0,148028.09375,141996.243191,149900
223700.0,225822.8125,235282.29828,230000
122250.0,122241.1875,132326.145708,120500
204000.0,207420.109375,223991.637156,201800
191690.0,207237.671875,215729.662656,218000
170190.0,178408.40625,190697.203477,179900
220708.0,217292.0625,210812.189189,230000
237176.8,237131.875,215680.676786,235128
183400.0,187675.375,188020.505148,185000
145400.0,146596.515625,137909.552997,146000
221500.0,223073.75,221386.473147,224000
124428.3,129051.0625,121996.319248,129000
120773.6,117422.53125,122340.314528,108959
186918.2,193191.046875,184473.595092,194000
233102.0,224831.703125,231057.590238,233170
251180.0,244277.0,227787.384691,245350
187150.0,183731.84375,188346.588692,173000
235500.0,226046.8125,197772.540966,235000
624316.2,627858.3125,490962.421268,625000
161180.0,164926.53125,167448.219222,171000
162700.0,160341.453125,166832.561053,163000
165314.0,164616.046875,158130.237986,171900
189050.0,200412.734375,242327.579111,200500
232112.4,238173.78125,228656.222692,239000
316853.4,293196.65625,318922.161745,285000
126100.0,126887.679688,123064.983844,119500
114000.0,115119.890625,109186.880277,115000
126560.0,140405.171875,136306.190102,154900
88124.3,95298.34375,88194.065978,93000
246825.9,244846.5,242613.717964,250000
315880.2,375431.75,313745.846295,392500
668275.0,728308.125,558056.496171,745000
113410.0,129774.648438,143017.272803,120000
185470.0,189483.640625,222243.937298,186700
112990.0,117046.421875,113572.681595,104900
100930.0,99160.4296875,81100.0711825,95000
278923.1,269903.78125,274640.645508,262000
191050.0,189139.609375,184838.37491,195000
195900.0,191272.140625,194515.053544,189000
171950.0,166372.265625,179501.137637,168000
181900.0,174040.1875,179594.747103,174000
126600.0,129020.0625,137053.364031,125000
167243.2,162636.71875,171654.414426,165000
138500.0,145682.25,151651.968087,158000
173076.5,168011.515625,167436.419507,176000
213838.0,223816.625,232424.494751,219210
152400.0,148283.671875,144767.946402,144000
183095.0,180629.328125,175885.694115,178000
148150.0,144812.15625,135770.236439,148000
114845.0,106155.953125,88316.1864346,116050
200370.0,199191.6875,197571.950822,197900
112640.0,122505.398438,138552.213688,117000
216500.0,211177.328125,197795.279775,213000
148015.0,146703.375,142090.601473,153500
268940.0,271332.25,265023.819066,271900
109090.0,113829.304688,117417.206123,107000
193899.0,202033.953125,211073.269299,200000
143150.0,141533.296875,147561.075546,140000
270500.0,290648.53125,296707.385997,290000
197500.0,193031.609375,197393.616393,189000
168300.0,182696.671875,212994.805054,164000
106390.0,100702.242188,78213.1611075,113000
126100.0,132659.203125,145168.112545,145000
135700.0,129962.632812,117978.276471,134500
123250.0,118133.265625,106296.29167,125000
120350.0,122234.617188,142028.85883,112000
243505.0,244631.390625,233866.688286,229456
74495.0,76790.921875,77932.7427841,80500
94950.0,92352.9375,96025.26635,91500
119200.0,114303.148438,100458.831115,115000
132450.0,129065.710938,121140.078431,134000
150700.0,151539.4375,170988.696169,143000
150430.5,138660.40625,161373.787922,137900
203526.5,190050.765625,199720.742688,184000
145050.0,137222.46875,139664.21843,145000
207067.8,215818.703125,226924.096033,214000
142350.0,143593.28125,148327.487065,147000
360190.2,373905.65625,366832.56648,367294
134235.0,139410.0625,134138.545133,127000
190862.4,188242.375,205942.60381,190000
134680.0,143806.40625,134575.918138,132500
110800.0,102123.875,93943.0925527,101800
147250.0,139381.234375,132919.691726,142000
134250.0,125772.65625,129836.458502,130000
142220.9,141778.671875,152088.168099,138887
176700.0,169212.1875,187819.857428,175500
195466.5,210336.171875,207306.249789,195000
149743.2,139913.84375,143684.437637,142500
254380.0,246071.265625,238360.869814,265900
215740.0,211648.734375,208670.608136,224900
241623.0,243757.46875,245646.734061,248328
174550.0,169590.609375,179971.074017,170000
433122.0,460966.96875,413749.718494,465000
214450.0,225167.796875,205123.712337,230000
181860.0,184922.421875,195279.869484,178000
188850.0,189768.5,204555.809126,186500
154180.0,155213.109375,146535.322256,169900
143100.0,136775.671875,161466.625317,129500
122930.0,123927.851562,120111.668516,119000
257904.9,245903.296875,276290.991858,244000
182306.5,179584.703125,195201.473853,171750
128000.0,124867.515625,106541.599827,130000
283418.6,286150.0625,258907.076152,294000
179680.0,177619.890625,182985.19275,165400
127340.0,128331.109375,140229.431962,127500
320125.0,307399.34375,324704.625934,301500
103320.0,94853.8046875,87378.3793421,99900
177920.0,184559.640625,197093.518354,190000
152100.0,149183.34375,158104.768545,151000
180700.0,184474.296875,182853.820061,181000
131230.0,130826.015625,122075.642334,128900
157350.0,147537.71875,144466.373321,161500
171600.0,174879.625,167571.789031,180500
171060.0,171495.453125,155730.326942,181000
171250.0,173634.03125,177698.483587,183900
149560.0,128438.890625,114571.944058,122000
369659.8,376897.5,345251.065703,378500
394830.0,383186.375,359689.406993,381000
147830.0,138830.5625,128428.270584,144000
248300.0,255856.921875,237453.511316,260000
180250.0,181162.8125,175312.894949,185750
135400.0,134240.65625,129358.293875,137000
173250.0,170855.390625,175592.402533,177000
130790.0,134478.921875,153967.198574,139000
137000.0,136587.515625,145210.668854,137000
157040.0,162107.421875,161943.677986,162000
184560.0,191543.53125,185746.165517,197900
238750.0,252903.25,235520.865872,237000
88580.0,72462.46875,80233.9552102,68400
222200.0,214661.3125,206241.147379,227000
186390.0,180191.71875,198655.231385,180000
147080.0,147397.828125,159924.575469,150500
130650.0,140656.359375,142177.45472,139000
162800.0,172409.59375,190573.180604,169000
128550.0,125542.273438,136626.121304,132500
146400.0,153962.03125,154811.40802,143000
187650.0,185780.609375,190879.93295,190000
273850.0,272357.90625,274028.652129,278000
280985.4,277467.0625,312820.854069,281000
166100.0,170100.71875,155412.862003,180500
115350.0,116051.804688,118176.931667,119500
107350.0,104417.960938,125996.995828,107500
170250.0,171670.640625,184832.86588,162900
119350.0,121471.09375,120014.430685,115000
143695.0,135421.625,123728.359065,138500
152000.0,148467.515625,148728.144959,155000
144150.0,145876.40625,149836.584476,140000
290500.0,162498.3125,305999.950575,160000
151892.5,153892.375,161298.135288,154000
223979.0,228023.390625,239259.760347,225000
168020.0,177891.0625,170738.958334,177500
282000.0,299186.6875,312827.547796,290000
228040.0,222652.640625,227069.557045,232000
132250.0,137176.171875,147388.187101,130000
340626.9,321596.03125,335677.52816,325000
199135.0,194223.890625,205413.746021,202500
138450.0,142217.90625,140697.665123,138000
139625.0,140029.484375,147365.995193,147000
172760.0,172011.328125,173021.344047,179200
318150.0,328007.03125,302837.562429,335000
197579.5,202386.0625,209489.464492,203000
299210.0,303079.3125,342808.858761,302000
344104.2,333693.625,320641.830553,333168
118425.0,119139.867188,108409.985584,119000
192730.0,192741.1875,206169.087446,206900
266707.9,286522.28125,299730.02742,295493
205093.0,202080.921875,209804.975556,208900
272070.0,270669.25,260524.322412,275000
116450.0,113766.046875,87704.5505094,111000
157850.0,156491.828125,175326.039139,156500
77290.0,74991.609375,71212.0121552,72500
198050.0,209407.28125,254024.303406,190000
80350.0,81337.7265625,95957.3961299,82500
160646.3,197307.59375,290198.864083,147000
63150.0,59911.0390625,64699.7396445,55000
78850.0,81571.1796875,69302.8094558,79000
127500.0,131640.0,136098.370425,130500
241430.0,247950.921875,248274.211301,256000
176550.0,180591.953125,183709.574541,176500
221270.0,237403.8125,238533.717287,227000
132550.0,130541.007812,123027.704511,132500
101950.0,108874.601562,103196.653421,100000
121890.0,124853.1875,127849.912999,125500
125650.0,125409.617188,116429.383119,125000
167530.0,162860.53125,166035.697715,167900
135950.0,137029.578125,131695.979542,135000
53599.3,55741.7109375,46557.5210494,52500
203150.0,216248.25,218747.468525,200000
131150.0,124983.28125,126228.816888,128500
115060.0,111380.367188,112815.181159,123000
160150.0,157814.34375,161738.677224,155000
238220.0,244296.65625,229896.873793,228500
177090.0,177736.078125,194453.208452,177000
167635.0,174638.578125,195626.872825,155835
107100.0,97468.3046875,81254.6276708,108500
271940.0,260428.921875,254435.385642,262500
278697.8,288122.59375,293706.088487,283463
230250.0,231857.75,238892.392456,215000
165800.0,131089.734375,156615.903346,122000
167070.0,193601.296875,207245.37101,200000
172270.0,168520.328125,175489.073514,171000
132880.0,131417.9375,153785.919818,134900
396500.0,405757.65625,382367.577664,410000
235300.0,235115.859375,226025.660918,235000
179310.0,182749.125,180449.098301,170000
109790.0,117299.609375,96208.7067166,110000
149490.0,154946.734375,162514.532571,149900
176100.0,175160.75,167227.850272,177500
307400.0,329934.03125,353494.178959,315000
172100.0,187282.453125,193057.047648,189000
254000.0,257557.9375,283700.49352,260000
110875.0,115045.078125,103869.818828,104900
152201.4,165622.53125,177945.795077,156932
146926.8,147458.703125,140611.219458,144152
205790.0,209223.5625,212125.952223,216000
196190.0,205716.78125,199466.980451,193000
139595.0,133087.5,126428.536408,127000
144050.0,142904.9375,140678.665432,144000
231350.0,239026.515625,233203.906003,232000
106440.0,106883.664062,110310.557988,105000
174850.0,173028.5,175268.506385,165500
265239.0,262600.3125,248258.161668,274300
443025.0,461990.0,462394.959777,466500
243850.0,249864.953125,236609.958722,250000
243700.0,249268.421875,248429.110373,239000
104350.0,93514.4921875,91387.0829534,91000
130350.0,131014.335938,133874.437132,117000
85800.0,93381.5078125,95727.1943143,83000
143340.0,150552.59375,150617.390474,167500
59350.0,62093.7539062,54197.9695719,58500
220075.0,232201.171875,236388.977131,237500
151470.0,152888.671875,161669.18753,157000
128000.0,132277.484375,150506.435297,112000
112300.0,106468.804688,118344.254544,105000
126450.0,118433.382812,119737.944998,125500
254650.0,258859.9375,293397.106142,250000
146350.0,138199.828125,180444.080277,136000
389595.0,367845.125,357309.36938,377500
128880.0,130355.15625,139049.036811,131000
227117.0,228053.609375,220820.48141,235000
124721.6,125034.335938,127993.333924,124000
129700.0,126804.71875,110664.623365,123000
161600.0,155544.015625,147819.957575,163000
246578.0,233910.046875,220977.955997,246578
277856.5,287289.4375,281113.708529,281213
165445.0,161999.9375,166436.183561,160000
132600.0,134761.25,141828.377976,137500
140833.4,133794.984375,138831.116011,138000
139915.0,146994.734375,154221.971905,137450
114890.0,117683.84375,117545.180381,120000
186950.0,184087.609375,196247.392011,193000
192302.4,192557.96875,203907.429274,193879
270595.4,276718.59375,257545.782286,282922
113200.0,100077.226562,91964.0993372,105000
258900.0,276470.96875,284847.467901,275000
132990.0,134185.359375,132078.012709,133000
116200.0,114887.765625,108099.794939,112000
119190.0,119475.9375,111844.640781,125500
215000.0,216980.875,211330.256725,215000
223600.0,221088.171875,211194.73736,230000
135310.0,145695.625,153127.185242,140000
88180.0,91168.71875,96888.2546116,90000
272706.1,264513.125,247718.300939,257000
208550.0,200807.734375,177389.521414,207000
182270.0,191176.953125,204994.846562,175900
122950.0,116793.953125,133315.818446,122500
353200.0,335561.4375,327539.217844,340000
130695.0,130363.46875,125377.227674,124000
209500.0,224217.234375,229085.510293,223000
170550.0,171254.890625,167192.445069,179900
129700.0,136861.109375,127379.479932,127500
136850.0,141988.8125,139823.528317,136500
219485.0,259647.8125,249010.984176,274970
140945.0,142996.078125,136520.505528,144000
140200.0,147253.390625,151153.180906,142000
268317.8,263950.65625,276148.790473,271000
143600.0,141360.625,130017.909645,140000
119050.0,116271.625,111457.089728,119000
182020.0,189268.234375,191949.779955,182900
185548.0,182480.59375,181160.61477,192140
146125.0,138697.609375,123792.550488,143750
75990.0,90576.2421875,85381.1111505,64500
186930.0,182304.609375,193267.212677,186500
160550.0,162758.5,164805.579647,160000
180500.0,177199.84375,178181.445364,174000
122340.0,118865.53125,111828.706818,120500
368320.2,388597.8125,382905.785168,394617
149330.0,149454.421875,157891.546211,149700
178800.0,188181.203125,182747.534544,197000
200100.0,196758.546875,231721.47778,191000
147640.0,144551.984375,140576.872368,149300
324600.0,320222.9375,354001.699793,310000
115700.0,114116.609375,111817.432555,121000
184530.1,189851.53125,188485.048284,179600
127940.0,124130.085938,132802.605977,129000
156140.0,154436.40625,148372.450326,157900
243500.0,254689.140625,245688.016446,240000
108590.0,109509.257812,95149.6388916,112000
98690.0,92948.3046875,105924.821551,92000
136300.0,132594.703125,126074.29913,136000
261555.0,273182.375,268242.405667,287090
141140.0,140997.265625,124987.129575,145000
120930.0,109405.773438,123508.07085,84500
187220.0,186458.90625,194112.400801,185000
174820.0,173987.359375,174621.429004,175000
196430.0,199496.359375,211262.895358,210000
261478.0,267589.65625,260329.63384,266500
134952.5,138086.5625,142701.160758,142125
146285.0,150824.0,151992.223231,147500
